feature,mean_abs_shap
f059,0.4870655020466356
f033,0.22883047843607365
f519,0.13850957543115042
f587,0.1325224580518048
f460,0.11707927579956781
f486,0.11083918471046172
f163,0.10557021704814017
f000,0.10345726156416643
f130,0.09855771170702002
f247,0.09544074963648592
f021,0.08429403021371176
f280,0.08338921314684956
f121,0.07751059886600134
f010,0.07569579345227655
f019,0.07196506263419984
f562,0.07091393129335576
f197,0.07023562921177752
f445,0.06815070689331813
f091,0.06225655589618741
f563,0.06001030798827706
f133,0.059318607011733325
f031,0.05887592155013113
f469,0.058813735738784775
f455,0.058806324411893846
f086,0.057773430141290036
f428,0.05278193161761897
f115,0.05186120065798972
f446,0.05183036573157896
f549,0.05142759869562785
f333,0.04838004290442945
f555,0.04796498519359826
f341,0.04598838189256525
f488,0.04597475368088546
f286,0.044419878326874725
f477,0.04237345417080119
f497,0.04229933323200447
f090,0.04186109126252763
f131,0.040679218813576355
f351,0.0404758965315663
f175,0.040173585258514714
f047,0.039523589891609145
f126,0.039500564974333914
f571,0.039129703643266595
f072,0.038592559632427026
f377,0.03849121484522056
f143,0.0372451933464487
f125,0.036382236373024256
f213,0.03631371552117451
f102,0.03629739083142587
f182,0.03609970109409289
f429,0.03558558011859035
f417,0.034499986687895
f489,0.03402845756900102
f485,0.033506569655896615
f552,0.03294084880848705
f038,0.032053116408811505
f539,0.03203193937482163
f405,0.0313012800026314
f318,0.030417127857041017
f162,0.030166443247520824
f295,0.030077259900366828
f187,0.029815577097715405
f015,0.029728398606204794
f527,0.029084787835411574
f036,0.02800165930433532
f096,0.027312300017251843
f523,0.02716053478734597
f267,0.0267442227571728
f205,0.026695119182157567
f007,0.0266830870566596
f431,0.025840822424170785
f467,0.02550263361829965
f589,0.025337274415806466
f028,0.024909588504919724
f008,0.024790142688084205
f139,0.023910859283722843
f484,0.023501073576702
f014,0.02317350982896778
f283,0.023127241809774813
f122,0.023039902169829794
f024,0.02293929406961575
f483,0.02274608122320815
f053,0.022728797083259866
f306,0.022072619473302545
f225,0.021926957928167838
f541,0.021445226020512027
f154,0.02139762198139943
f135,0.020817028652286844
f317,0.02064825606367361
f390,0.020409692508971025
f491,0.020010871803617727
f211,0.019783067918189876
f493,0.019780146480575418
f410,0.01971625633918048
f039,0.019450272863348366
f547,0.019326154591944644
f588,0.01901654780368899
f274,0.018993782084342988
f487,0.018981878596286427
f219,0.018767343038576596
f301,0.0187175194984241
f339,0.01870858614685183
f490,0.018536022621018552
f156,0.01850704660647201
f524,0.01838413968979388
f174,0.018361728584843612
f468,0.018315680164519874
f290,0.017896378490612156
f117,0.017231728827893658
f250,0.017201909891026046
f145,0.01707176841420905
f546,0.01670451397150444
f570,0.016640232921091076
f437,0.016265717027822486
f073,0.01616741555981109
f308,0.016092403085296404
f316,0.016082714564377047
f522,0.01577584959532573
f416,0.015690269101301127
f168,0.015680017455530923
f001,0.015460081435686838
f030,0.015371174990800656
f140,0.015221590168787812
f098,0.015190023718740365
f003,0.014995367062579461
f496,0.01480060886525551
f152,0.014749478336017079
f063,0.014675483130318969
f343,0.014526323672361131
f207,0.014402750753915955
f323,0.014241662198680586
f393,0.014182963511720171
f202,0.01409102298325637
f299,0.013977222044772865
f208,0.013841959664559386
f279,0.01366134033422992
f296,0.013582313942996674
f584,0.013488309000087004
f385,0.013405219076049892
f430,0.013338884923638905
f105,0.013329474659286095
f270,0.013321973955247582
f495,0.013228593008095977
f310,0.012537314708572887
f575,0.012529873157621326
f438,0.012525522835716221
f319,0.012474697330264592
f311,0.012386518391962196
f582,0.012350999192231343
f412,0.012173244458938061
f062,0.0121584910817604
f138,0.012105975564372828
f172,0.012105925499107922
f159,0.012022149719909624
f064,0.01190230208250694
f331,0.011838236723387685
f439,0.0117954277499635
f459,0.011622254283319334
f273,0.011617980331215498
f572,0.011494095317319626
f155,0.01146886898781081
f056,0.011432498179515502
f128,0.011322377015172207
f217,0.011226534197825837
f046,0.011204519492947942
f065,0.011176748870640739
f391,0.011055429442913264
f017,0.011019245123314642
f252,0.010921602627036831
f473,0.010908971414959738
f045,0.01080515657862602
f248,0.010562181418510083
f106,0.010385937125539823
f298,0.010294791035968887
f043,0.010253285023574438
f212,0.010245197147450119
f081,0.01022924681185416
f287,0.010151737016046889
f294,0.010117746965453377
f567,0.010115638809841742
f362,0.00986326543151298
f543,0.009694846662847204
f361,0.009651425510567765
f345,0.009598173448338916
f071,0.009517817902239743
f474,0.009455810249805581
f184,0.009431223062687188
f032,0.009384385605960444
f227,0.00937039933516132
f277,0.009290469283974739
f271,0.009275765085338693
f475,0.009227616617434228
f092,0.009210712863346428
f113,0.009099295475267307
f144,0.00901905736594926
f353,0.009008653578371002
f057,0.008899911402458004
f574,0.008815092992995103
f016,0.008811100792497641
f285,0.008666265541497731
f586,0.008489454028358101
f525,0.00839025701159919
f084,0.00829053619208171
f278,0.008258295636337239
f061,0.008198790852574635
f348,0.008066861565190426
f166,0.008037161069847873
f170,0.008020364435954795
f027,0.007943578086937719
f004,0.007908702162181808
f456,0.00784430750321841
f176,0.007820226219350685
f200,0.007794067302771893
f409,0.007781728763448196
f195,0.0076749035848961596
f214,0.0076668394569504575
f169,0.007663608069977347
f561,0.007641985281145544
f224,0.007593945799741844
f171,0.007526071144757598
f055,0.007474016441019611
f239,0.007468546285977358
f183,0.007444032057317843
f146,0.007429029683761449
f075,0.007372136502699964
f119,0.0073715674252717266
f338,0.0073374170248553545
f009,0.00728597773371282
f020,0.007261749423582969
f044,0.0072285432212229606
f058,0.0072155495777223464
f411,0.007156770692647645
f548,0.007095034064227832
f337,0.007083435174845003
f228,0.007067317744519456
f452,0.007060300587654734
f479,0.007043709990576124
f388,0.007028601819339809
f480,0.007013283915982193
f312,0.0069971085778849414
f350,0.006983096686697066
f018,0.006890687913902383
f218,0.006864268214705538
f304,0.006858951950523151
f421,0.006850669310188395
f204,0.006694755130436172
f309,0.006636946104458049
f022,0.006591645680809594
f029,0.00648823516624735
f444,0.006482154062267041
f344,0.0064702142812560325
f427,0.006439680713858083
f453,0.006430612934075569
f222,0.006415905101163749
f425,0.006394345038138462
f035,0.0063741261363066916
f201,0.006340875521465601
f181,0.0062774431524835
f006,0.006244550991977401
f160,0.0062128184349758316
f553,0.0061499355126912025
f408,0.0060851798852899295
f275,0.006037670442752091
f367,0.00601895383845877
f470,0.005951014730533252
f305,0.005926754038191739
f443,0.00585270918013654
f112,0.005847304006508968
f129,0.005835702834454289
f376,0.00583477976395195
f137,0.005832755795122498
f255,0.005766375265138561
f083,0.0057568152444462005
f148,0.005692251600960699
f434,0.005689037278297573
f359,0.005660264854170427
f026,0.005636519293130364
f077,0.005636288636181585
f136,0.005630399698153524
f415,0.005628234397205789
f123,0.005604637445940266
f406,0.005598428323215015
f392,0.005587710123478751
f432,0.005566387239029896
f297,0.005534349802865837
f196,0.005473725377286559
f340,0.005406582950920838
f048,0.005314014466065351
f023,0.005288953426748635
f165,0.0052657247924630226
f585,0.005166616034968704
f127,0.0051290891785232984
f407,0.005070060929863523
f198,0.005069868551213193
f254,0.005035448720481133
f433,0.004980693852406967
f118,0.0048979955718572755
f556,0.004888672932152905
f173,0.0048710014202159565
f559,0.004844051556775703
f221,0.004839268819069244
f108,0.004729722919557052
f500,0.004704727337451759
f034,0.0046736873264558556
f356,0.004670007528952351
f291,0.004564902555206127
f576,0.00454871059272443
f150,0.00449247081148442
f442,0.004320943895388966
f099,0.004299104404673746
f054,0.004266560808806357
f060,0.004188198131042892
f161,0.004180614580217923
f037,0.004172982039703982
f078,0.0041218126984146845
f151,0.004105054585075771
f103,0.0040383336200847195
f560,0.003958006056963176
f320,0.00394702800192745
f002,0.003938975784724959
f153,0.003911388290434087
f134,0.0038958108871429034
f336,0.003843301902911255
f352,0.003772915717409471
f569,0.0037712329451538486
f346,0.0037610298016478296
f558,0.0035571370511375353
f223,0.0035224213995095613
f142,0.0034628737734502314
f307,0.0034158477388384974
f413,0.0034077573712173875
f300,0.003381988156943906
f566,0.003172661262518613
f177,0.003106475285065684
f366,0.0031042557447097416
f107,0.00308992205781055
f476,0.0030557557322293274
f253,0.003044459976140305
f335,0.003035277000170593
f124,0.0029033429851921737
f494,0.0029011446351076336
f199,0.0028868667248728125
f349,0.0028739002549709428
f180,0.0028175863163442286
f457,0.0027640325814328546
f577,0.002752194142841131
f551,0.0027375865371755408
f088,0.002731542483467007
f440,0.0027159432670337464
f510,0.0026826356578072306
f066,0.002627985336355189
f147,0.002579713317303852
f363,0.0025548379702294557
f185,0.0025244125641062515
f441,0.0025153007335480503
f334,0.0024775087387286475
f012,0.002473528769342186
f070,0.0024714249325144266
f324,0.0024283059382736384
f164,0.002420675440764659
f132,0.002399911406599845
f050,0.0022142840853556643
f269,0.002163342968746503
f079,0.0021331892028791815
f554,0.002074539486403936
f303,0.002065442357043748
f120,0.002024702192916531
f448,0.0019934241019425405
f355,0.001988982123990386
f215,0.001978994844805696
f025,0.0019789105953379217
f216,0.0019586789833944424
f332,0.0018659376895435876
f104,0.001862532687684633
f368,0.0018585740243063057
f573,0.0017995634044428092
f087,0.0017217815745833036
f302,0.001643037985169078
f167,0.0016243140131903858
f188,0.0016227847460077304
f051,0.0015762789423350437
f082,0.0015527075901584303
f526,0.0015493660828800704
f436,0.0014832020734156144
f203,0.0014091220571679464
f076,0.0014026065708715393
f565,0.0013977351954537788
f354,0.0013573335580940064
f583,0.0013563724488656291
f423,0.0012508680228742188
f089,0.001068654042937226
f472,0.0010587499406813083
f011,0.0009738209429596707
f041,0.0009503876235157013
f360,0.000855828547171757
f067,0.0008345477658940272
f281,0.0007889251417269799
f454,0.0007550631432379762
f289,0.0006983331742865284
f435,0.0006356275663861665
f520,0.0006059264130306755
f288,0.00048111631565735027
f386,0.00033903472221090587
f268,0.0002838449429264476
f550,0.00026998015328986004
f282,0.00025320810350960713
f210,0.00022653585511242747
f420,8.536688636173078e-05
f564,0.0
f568,0.0
f557,0.0
f080,0.0
f545,0.0
f544,0.0
f093,0.0
f094,0.0
f095,0.0
f100,0.0
f101,0.0
f114,0.0
f116,0.0
f068,0.0
f238,0.0
f249,0.0
f251,0.0
f272,0.0
f357,0.0
f365,0.0
f387,0.0
f389,0.0
f040,0.0
f418,0.0
f419,0.0
f424,0.0
f426,0.0
f447,0.0
f471,0.0
f482,0.0
f499,0.0
f511,0.0
f521,0.0
f540,0.0
f542,0.0
f321,0.0
